[{
        "ParameterKey": "EnvironmentName",
        "ParameterValue": "ElsaUdagramProject"
    },
    {
        "ParameterKey": "S3CodeRepo",
        "ParameterValue": "s3://my-website-657530498612/index.html"
    },
    {
        "ParameterKey": "InstanceType",
        "ParameterValue": "t2.micro"
    },

    {
        "ParameterKey": "WebAppServersMinSize",
        "ParameterValue": "2"
    },
    {
        "ParameterKey": "WebAppServersMaxSize",
        "ParameterValue": "4"
    }
]